fecha,logoficial,macri,shock2008,shock2013,shock2014,shock2015,shock2018,shock2019,logblue,inflacion,loginflacion,inf_grafico,badlar_media,logbadlar,emae,logemae,emae_des,logemaedes,emae_suav,logemaesuav,pib_desest_pesos_2004,logpbipesos_d2004,pib_pesos_2004,logpbipesos_2004,indice_mat_prim,logmat_prim,sturze,macri,cristina,nestor,m1_total,logm1,m2_total,logm2
1/31/2004,1.06240924,0,0,0,0,0,0,0,1.067606228,100.16,4.606768907,1.066768907,1.851190476,0.615828933,92.6,4.528586139,98.2,4.587006215,95.9,4.563813442,,,,,73.17,4.292774298,0,0,0,1,50155056,17.73062988,67944262,18.03419825
2/29/2004,1.075514237,0,0,0,0,0,0,0,1.076485223,100.26,4.607766812,1.067766812,1.571875,0.452269174,90.2,4.501876193,98.1,4.585987367,96.6,4.57029216,,,,,72.96,4.289920822,0,0,0,1,50785495,17.74312134,69607523,18.05838321
3/31/2004,1.063960831,0,0,0,0,0,0,0,1.06938943,100.86,4.613733417,1.073733417,1.505434783,0.409081749,101.9,4.623828021,97.7,4.581901559,97.3,4.577427574,475394.47,13.07190021,460369.4422,13.03978458,75.43,4.323161607,0,0,0,1,50549356,17.73846076,70413818,18.06990008
4/30/2004,1.042320372,0,0,0,0,0,0,0,1.044798658,101.72,4.622223941,1.082223941,1.651315789,0.501572418,102.6,4.630520438,95.2,4.555979942,98,4.584780574,,,,,76.54,4.337858836,0,0,0,1,52118674,17.76903387,73073547,18.10697699
5/31/2004,1.071069786,0,0,0,0,0,0,0,1.072922802,102.47,4.629570073,1.089570073,3.2375,1.174801427,109.9,4.699366145,97,4.574710979,98.7,4.592359384,,,,,79.68,4.378009344,0,0,0,1,54620248,17.81591521,77094568,18.16054338
6/30/2004,1.08502838,0,0,0,0,0,0,0,1.086957331,103.05,4.635214307,1.095214307,2.982142857,1.092642122,105.7,4.660249165,98.8,4.593097605,99.5,4.600117778,470404.36,13.06134794,514395.6818,13.15074806,78.39,4.361757925,0,0,0,1,56531631,17.85031088,81093217,18.21110988
7/31/2004,1.083579221,0,0,0,0,0,0,0,1.086154054,103.52,4.639764831,1.099764831,3.199404762,1.162964781,101.1,4.616179335,100.8,4.613138356,100.3,4.608051107,,,,,79.77,4.379148551,0,0,0,1,57765405,17.87190063,83499604,18.24035245
8/31/2004,1.103204901,0,0,0,0,0,0,0,1.104941424,103.88,4.643236387,1.103236387,4.19047619,1.432814377,98.4,4.588590875,102.1,4.625952725,101.1,4.616117754,,,,,80.84,4.39244223,0,0,0,1,56782462,17.85473807,84095078,18.2474586
9/30/2004,1.096792452,0,0,0,0,0,0,0,1.101033597,104.53,4.649474112,1.109474112,4.446022727,1.492009927,98.1,4.585848463,102.4,4.628886713,101.9,4.624260834,493957.18,13.11020411,481151.9799,13.08393847,80.68,4.390490221,0,0,0,1,56613487,17.8517578,83053665,18.23499752
10/31/2004,1.088393588,0,0,0,0,0,0,0,1.090564116,104.94,4.653388758,1.113388758,4.38125,1.477334072,97.8,4.583289193,103.2,4.636668853,102.8,4.632378208,,,,,86.48,4.459964395,0,0,0,1,57025935,17.85901672,83910861,18.24526561
11/30/2004,1.083344817,0,0,0,0,0,0,0,1.083267891,104.95,4.653484046,1.113484046,4.122159091,1.416377077,100.1,4.606488783,103.8,4.642465971,103.6,4.640289156,,,,,83.86,4.429138151,0,0,0,1,59208447,17.89657478,86372464,18.27417948
12/31/2004,1.088867997,0,0,0,0,0,0,0,1.088485427,105.82,4.661739537,1.121739537,4.011363636,1.389131242,101.7,4.621820347,102.9,4.633757643,104.4,4.647857919,500704.77,13.12377193,484543.6769,13.09096285,82.61,4.414134415,0,0,0,1,64467648,17.98167407,91930530,18.33654374
1/31/2005,1.080836178,0,0,0,0,0,0,0,1.085832562,107.4,4.676560182,1.136560182,3.214285714,1.16760516,98.5,4.58978605,105.7,4.660604893,105.1,4.654981477,,,,,85.47,4.448151214,0,0,0,1,62999492,17.95863722,90292614,18.31856622
2/28/2005,1.070384267,0,0,0,0,0,0,0,1.070984122,108.41,4.685920336,1.145920336,2.925,1.073294481,96.1,4.565585614,106,4.663439094,105.8,4.661614188,,,,,87.43,4.470848932,0,0,0,1,61984381,17.94239299,90761421,18.32374487
3/31/2005,1.073864119,0,0,0,0,0,0,0,1.073139069,110.09,4.701298213,1.161298213,3.029761905,1.108484037,110.7,4.706430139,106.9,4.671893818,106.5,4.667759857,515218.81,13.15234696,493602.5306,13.10948588,94.6,4.549652781,0,0,0,1,62635082,17.95283609,88234323,18.29550659
4/30/2005,1.06454652,0,0,0,0,0,0,0,1.068725655,110.63,4.7061913,1.1661913,3.970238095,1.378826066,116.5,4.758279099,107.9,4.681204872,107.1,4.673491942,,,,,94.19,4.545298991,0,0,0,1,63990717,17.97424858,91836742,18.33552302
5/31/2005,1.062244645,0,0,0,0,0,0,0,1.063971548,111.29,4.712139407,1.172139407,4.943452381,1.59806395,126.7,4.841521674,109.2,4.693181063,107.7,4.678902267,,,,,91.74,4.518940842,0,0,0,1,65745754,18.00130565,93241920,18.35070796
6/30/2005,1.058947032,0,0,0,0,0,0,0,1.061009314,112.31,4.721262905,1.181262905,5.285714286,1.665007764,116.5,4.757910356,108.6,4.687671407,108.2,4.684112749,526579.69,13.17415795,581668.2499,13.27365555,95.51,4.559199809,0,0,0,1,66760793,18.01662654,95639237,18.37609372
7/31/2005,1.053814146,0,0,0,0,0,0,0,1.05497549,113.44,4.731274063,1.191274063,5.946428571,1.782790799,107.6,4.678245347,109,4.691347882,108.8,4.689260399,,,,,97.78,4.58267656,0,0,0,1,68123329,18.03683028,98209877,18.40261735
8/31/2005,1.060627175,0,0,0,0,0,0,0,1.058027008,113.93,4.735584225,1.195584225,5.323863636,1.672199287,105.8,4.661747974,109.3,4.694096395,109.3,4.694474007,,,,,103.62,4.640740529,0,0,0,1,68744168,18.04590246,97831402,18.39875617
9/30/2005,1.068621575,0,0,0,0,0,0,0,1.066042139,115.26,4.747190446,1.207190446,5.784090909,1.755111202,104.9,4.652932534,109.3,4.694096395,109.9,4.699878109,530197.26,13.18100441,514697.7895,13.15133519,107.6,4.678392855,0,0,0,1,68810030,18.04686008,98563407,18.40621062
10/31/2005,1.087551341,0,0,0,0,0,0,0,1.085104805,116.16,4.754968551,1.214968551,6.096875,1.807776345,104.5,4.648810593,110,4.700480366,110.6,4.705549674,,,,,107.01,4.672941976,0,0,0,1,71746381,18.08864797,101975361,18.44024178
11/30/2005,1.087490059,0,0,0,0,0,0,0,1.093066637,117.45,4.766012711,1.226012711,6.778409091,1.913742427,108,4.682165989,111.3,4.712229258,111.2,4.711550111,,,,,101.05,4.615590917,0,0,0,1,74181109,18.12202008,104281343,18.46260303
12/31/2005,1.10359983,0,0,0,0,0,0,0,1.10557214,117.92,4.770006428,1.230006428,7.482142857,2.012519229,110.5,4.705045601,113,4.727387819,111.9,4.717898471,540228.01,13.19974657,522255.2001,13.16591164,106.12,4.664579974,0,0,0,1,82064315,18.22301383,112200419,18.53579729
1/31/2006,1.113799409,0,0,0,0,0,0,0,1.122269628,119.32,4.78180896,1.24180896,8.21875,2.106418129,106.5,4.668435533,113.8,4.734442522,112.7,4.724563574,,,,,107.81,4.680330666,0,0,0,1,79900198,18.19628889,111868804,18.53283735
2/28/2006,1.121514682,0,0,0,0,0,0,0,1.125954362,119.55,4.783734694,1.243734694,7.378125,1.998519541,104.1,4.645257226,114.7,4.742320024,113.5,4.731487346,,,,,106.1,4.664375306,0,0,0,1,78570076,18.17950147,111751685,18.53178987
3/31/2006,1.123748262,0,0,0,0,0,0,0,1.126937475,120.53,4.791898685,1.251898685,8.210227273,2.105380606,118.6,4.775657632,114.2,4.737951297,114.3,4.738604345,554258.23,13.22538597,532348.212,13.18505309,106.96,4.672413151,0,0,0,1,78474192,18.17828036,111198622,18.52682855
4/30/2006,1.12041002,0,0,0,0,0,0,0,1.126466351,121.21,4.797524578,1.257524578,9,2.197224577,122.1,4.804734784,115.8,4.751864565,115.1,4.74584903,,,,,115.6,4.750176168,0,0,0,1,79752389,18.19443726,113224976,18.54488734
5/31/2006,1.116545756,0,0,0,0,0,0,0,1.121289709,121.62,4.80090143,1.26090143,8.946428571,2.19125441,133.4,4.893134836,115.2,4.746669748,116,4.753181165,,,,,119.81,4.785919562,0,0,0,1,81602127,18.21736589,117225211,18.57960752
6/30/2006,1.125393311,0,0,0,0,0,0,0,1.13074207,122.25,4.806068128,1.266068128,8.901785714,2.186251899,124.3,4.822639652,116.3,4.75617306,116.8,4.760563648,561518.09,13.23839927,614076.3926,13.32787462,117.07,4.762741288,0,0,0,1,85015446,18.25834352,119399216,18.59798319
7/31/2006,1.125547835,0,0,0,0,0,0,0,1.132288815,122.62,4.809090142,1.269090142,9.166666667,2.215573716,117,4.762563875,118.1,4.771531723,117.7,4.767969789,,,,,121.47,4.799685286,0,0,0,1,86262936,18.27291059,120749311,18.60922714
8/31/2006,1.124782007,0,0,0,0,0,0,0,1.130326264,122.86,4.811045496,1.271045496,9.460227273,2.247096407,116.3,4.756204082,118.8,4.777441407,118.6,4.775413796,,,,,122.12,4.805028202,0,0,0,1,85664906,18.2659538,119074498,18.59525989
9/30/2006,1.131402111,0,0,0,0,0,0,0,1.135541,123.38,4.815269024,1.275269024,9.452380952,2.246266662,114.8,4.743213089,119.8,4.785823686,119.5,4.782911552,577040.87,13.26566837,562978.9656,13.24099755,112.4,4.722072106,0,0,0,1,87103911,18.28261234,120943633,18.61083515
10/31/2006,1.131094845,0,0,0,0,0,0,0,1.138443316,123.99,4.820200917,1.280200917,9.470238095,2.248154049,116.5,4.757698192,120.6,4.792479284,120.4,4.790462028,,,,,110.7,4.706810253,0,0,0,1,88504759,18.29856688,122180571,18.6210106
11/30/2006,1.123691973,0,0,0,0,0,0,0,1.130521959,125.28,4.830551232,1.290551232,9.589285714,2.260646404,118.1,4.771876984,120.7,4.793308128,121.3,4.798076331,,,,,113.47,4.731578854,0,0,0,1,93604765,18.35459185,127643175,18.66474923
12/31/2006,1.118930779,0,0,0,0,0,0,0,1.124160333,127.32,4.846703602,1.306703602,9.796052632,2.281979512,119.6,4.784179364,123.4,4.815431111,122.2,4.805725666,589380.43,13.28682715,572794.0466,13.2582815,115.4,4.74836151,0,0,0,1,98458207,18.40514272,133679667,18.71095695
1/31/2007,1.126698987,0,0,0,0,0,0,0,1.13359911,128.74,4.857794867,1.317794867,9.198863636,2.219079959,114.7,4.74233541,122,4.804021045,123.1,4.813370781,,,,,110.89,4.708563926,0,0,0,1,98136526,18.40187019,133424071,18.70904312
2/28/2007,1.131563389,0,0,0,0,0,0,0,1.136790792,129.59,4.86437562,1.32437562,7.946875,2.07277877,112.7,4.725113094,124.6,4.825108606,124.1,4.820982335,,,,,116.91,4.761396225,0,0,0,1,98646441,18.40705271,133717529,18.71124014
3/31/2007,1.131695324,0,0,0,0,0,0,0,1.137905843,130.94,4.874739203,1.334739203,8.286931818,2.114679794,129.3,4.862001982,126.4,4.839451482,125,4.828531802,603139.69,13.30990411,576846.8857,13.26533215,119.62,4.78429669,0,0,0,1,98074250,18.4012354,134090381,18.71402462
4/30/2007,1.127991283,0,0,0,0,0,0,0,1.137411186,133.91,4.897167933,1.357167933,7.885416667,2.065015062,133.5,4.893824909,125.3,4.830710862,126,4.835990711,,,,,126.43,4.839664684,0,0,0,1,102385850,18.44425908,138695699,18.74779288
5/31/2007,1.124774978,0,0,0,0,0,0,0,1.13608322,136.7,4.917788744,1.377788744,7.651785714,2.034939047,147.6,4.994559507,127.4,4.847331743,126.9,4.843327926,,,,,126.76,4.842302057,0,0,0,1,103298776,18.45313609,140620789,18.76157739
6/30/2007,1.124442465,0,0,0,0,0,0,0,1.132208238,140.33,4.943996792,1.403996792,7.903125,2.067258251,136.1,4.913544095,128.4,4.855150391,127.8,4.850551982,616365.13,13.33159481,674620.563,13.42190568,127.08,4.844798544,0,0,0,1,106188237,18.4807239,146386175,18.80175872
7/31/2007,1.134928911,0,0,0,0,0,0,0,1.144005637,143.91,4.969188104,1.429188104,8.607142857,2.152592423,127.4,4.84723403,127.8,4.850466542,128.7,4.857650069,,,,,129.62,4.864599693,0,0,0,1,108122426,18.49877472,148319612,18.81488004
8/31/2007,1.148123693,0,0,0,0,0,0,0,1.164853904,148.69,5.001863602,1.461863602,10.5,2.351375257,126.6,4.840994813,128.7,4.857484115,129.6,4.864597867,,,,,125.57,4.832855768,0,0,0,1,104697944,18.46659004,145659558,18.79678266
9/30/2007,1.146608487,0,0,0,0,0,0,0,1.164165919,151.67,5.021707108,1.481707108,12.8625,2.554316101,123.5,4.816325876,129.6,4.864452784,130.5,4.871352678,624528.47,13.3447522,610425.694,13.32191185,131.75,4.880939363,0,0,0,1,105014026,18.46960448,146171059,18.80028813
10/31/2007,1.150715861,0,0,0,0,0,0,0,1.164372889,153.84,5.035913101,1.495913101,12.56534091,2.530942302,128.4,4.855270187,131.3,4.877484781,131.3,4.877834453,,,,,139.45,4.937684797,0,0,0,1,105651610,18.47565754,147237702,18.80755886
11/30/2007,1.142705119,0,0,0,0,0,0,0,1.151701588,153.22,5.031874797,1.491874797,13.72916667,2.619522524,129.7,4.865494598,132.7,4.888090941,132.1,4.883925126,,,,,147.61,4.994588394,0,0,0,1,107385795,18.49193847,149525715,18.82297894
12/31/2007,1.14386888,0,0,0,0,0,0,0,1.150238861,154.72,5.041617032,1.501617032,13.53819444,2.605514909,128.9,4.859020838,134.2,4.899331225,132.9,4.88945576,643736.72,13.3750451,625876.8679,13.34690893,147.76,4.995558423,0,0,0,1,123930512,18.63523158,168529432,18.94262096
1/31/2008,1.14581389,0,0,0,0,0,0,0,1.155593919,157.85,5.061645215,1.521645215,10.23579545,2.325890935,126.2,4.838081022,135.3,4.907494535,133.5,4.894212497,,,,,154.38,5.03944015,0,0,1,0,116888218,18.57672863,162511095,18.90625683
2/29/2008,1.149818278,0,0,0,0,0,0,0,1.15598232,161.38,5.083761832,1.543761832,8.324404762,2.119191533,122.8,4.810759801,133.5,4.894101478,134,4.89794551,,,,,161.41,5.083973531,0,0,1,0,112943237,18.54239592,158613341,18.88197998
3/31/2008,1.149164568,0,0,0,0,0,0,0,1.156715675,167.94,5.123606773,1.583606773,8.5,2.140066163,132.3,4.885329992,133.1,4.891100725,134.3,4.90038959,649706.07,13.38427534,616720.3571,13.33217097,171.18,5.142721799,0,0,1,0,115221866,18.5623701,161019295,18.89703476
4/30/2008,1.152378713,0,1,0,0,0,0,0,1.165562672,172.96,5.153060354,1.613060354,8.714285714,2.164963715,145.3,4.978666347,135.9,4.911919321,134.5,4.90129649,,,,,177.8,5.180637176,0,0,1,0,118443033,18.58994267,165197351,18.92265138
5/31/2008,1.14770475,0,0,0,0,0,0,0,1.172555848,173.39,5.155543393,1.615543393,13.2202381,2.581748845,154.2,5.03796614,134.9,4.904533763,134.3,4.900446032,,,,,190.24,5.24827123,0,0,1,0,118053916,18.58665199,162955851,18.90898987
6/30/2008,1.112515194,0,0,0,0,0,0,0,1.137145953,177.59,5.179477523,1.639477523,17.40625,2.856829337,140.5,4.945232287,133.2,4.891851758,134,4.897695576,653304.74,13.38979898,711405.5005,13.47499787,199.22,5.294425505,0,0,1,0,123071246,18.62827398,169741410,18.94978672
7/31/2008,1.106159494,0,0,0,0,0,0,0,1.120714706,180.08,5.193401197,1.653401197,14.64772727,2.684285188,136.6,4.917340129,135.3,4.907494535,133.4,4.893026502,,,,,200.81,5.30235102,0,0,1,0,122768250,18.62580899,168873106,18.94465814
8/31/2008,1.109881881,0,0,0,0,0,0,0,1.121351776,181.55,5.201531098,1.661531098,12.259375,2.50629095,131.3,4.877796396,135.6,4.909709376,132.5,4.886551044,,,,,179.78,5.191741549,0,0,1,0,123801664,18.63419136,170879736,18.95647057
9/30/2008,1.125667223,0,0,0,0,0,0,0,1.139288818,183.51,5.212269162,1.672269162,12.1875,2.500410836,132.2,4.884209556,136,4.912654886,131.4,4.878510403,658164.78,13.3972106,647087.9597,13.38023751,164.86,5.105086922,0,0,1,0,128316460,18.67001011,174944344,18.97997845
10/31/2008,1.175292707,0,0,0,0,0,0,0,1.201743048,184.58,5.218082974,1.678082974,16.72443182,2.816870634,130.4,4.870569677,132.5,4.886582645,130.2,4.86928724,,,,,134.79,4.903704972,0,0,1,0,123580457,18.63240298,170501938,18.95425722
11/30/2008,1.202972304,0,0,0,0,0,0,0,1.216395324,185.76,5.224455518,1.684455518,21.21710526,3.054807708,125.5,4.832525362,130.4,4.870606649,128.9,4.859388772,,,,,114.36,4.739345594,0,0,1,0,125143000,18.64496764,174270679,18.97612027
12/31/2008,1.230475624,0,0,0,0,0,0,0,1.246385533,186.59,5.228913696,1.688913696,19.07440476,2.948347371,123.5,4.815965861,125.2,4.829912459,127.7,4.849395456,627529.05,13.34954524,613490.8217,13.32692058,101.9,4.624038401,0,0,1,0,144855921,18.79125016,196265231,19.09497752
1/31/2009,1.242369002,0,0,0,0,0,0,0,1.261095503,188.75,5.240423388,1.700423388,15.59821429,2.747156439,116.8,4.760107007,124.2,4.821893169,126.5,4.839986612,,,,,104.43,4.648493807,0,0,1,0,137999544,18.74276094,190059123,19.06284576
2/28/2009,1.256328035,0,0,0,0,0,0,0,1.275502455,188.73,5.240317422,1.700317422,11.975,2.482821143,114.9,4.743704083,126.2,4.83786795,125.4,4.831846631,,,,,100.92,4.614362631,0,0,1,0,133174562,18.70717132,185016727,19.0359568
3/31/2009,1.295770329,0,0,0,0,0,0,0,1.320040083,193.14,5.263415315,1.723415315,12.25595238,2.506011728,126.2,4.83759535,123.5,4.816241156,124.7,4.825573196,604452.73,13.31207874,578553.0442,13.26828551,100.94,4.614574227,0,0,1,0,129391879,18.67835618,184121283,19.03110525
4/30/2009,1.306624391,0,0,0,0,0,0,0,1.31676093,196.66,5.281476349,1.741476349,12.75328947,2.545789236,128,4.851956502,121.7,4.801559,124.2,4.821619575,,,,,102.9,4.633802397,0,0,1,0,131085404,18.69135961,187517742,19.04938402
5/31/2009,1.314996203,0,0,0,0,0,0,0,1.327703033,198.36,5.290083562,1.750083562,12.81578947,2.550677963,133,4.890617291,121.1,4.796616651,124,4.820239059,,,,,111.8,4.716688281,0,0,1,0,133889169,18.71252292,190380579,19.06453567
6/30/2009,1.326822349,0,0,0,0,0,0,0,1.346278093,199.41,5.295363007,1.755363007,12.94047619,2.560360088,129.3,4.862233178,122.6,4.808927024,124.1,4.821478353,590939.87,13.28946955,631197.7519,13.35537449,120.5,4.791670395,0,0,1,0,136347046,18.730714,196439359,19.09586434
7/31/2009,1.337754166,0,0,0,0,0,0,0,1.350441882,201.41,5.305342631,1.765342631,13.03869048,2.567921128,127.4,4.847041735,124.7,4.825910853,124.6,4.825191659,,,,,116.33,4.756421977,0,0,1,0,136759703,18.73373595,195044144,19.08873647
8/31/2009,1.345211916,0,0,0,0,0,0,0,1.350537641,205.15,5.323741419,1.783741419,12.728125,2.543814112,124,4.820308067,126.8,4.842611042,125.3,4.831077151,,,,,122.8,4.810523395,0,0,1,0,136861525,18.73448021,197218654,19.09982359
9/30/2009,1.346182342,0,0,0,0,0,0,0,1.348899253,208.31,5.339027355,1.799027355,12.23011364,2.503901242,126.2,4.837750099,128.3,4.854371272,126.3,4.838743069,614165.92,13.3280204,610519.8546,13.32206609,119.14,4.780265023,0,0,1,0,140818080,18.7629794,200760800,19.11762471
10/31/2009,1.341620712,0,0,0,0,0,0,0,1.342989127,211.77,5.35550078,1.81550078,11.78869048,2.467140638,127.1,4.844815723,129.2,4.861361591,127.5,4.847750299,,,,,126.65,4.841395707,0,0,1,0,141625658,18.76869792,200956228,19.11859767
11/30/2009,1.338022812,0,0,0,0,0,0,0,1.338547403,214.2,5.366910158,1.826910158,10.665625,2.367025953,127.1,4.844912743,129.7,4.865224091,128.7,4.857655154,,,,,131.51,4.879075745,0,0,1,0,142881683,18.77752745,202106452,19.12430511
12/31/2009,1.337004072,0,0,0,0,0,0,0,1.341819871,221.06,5.398434158,1.858434158,9.81547619,2.283960343,126.3,4.838553641,128.1,4.852811209,130.1,4.868042924,625932.99,13.34699859,615220.8549,13.3297366,134.05,4.898181811,0,0,1,0,164192876,18.91655237,229041351,19.24941312
1/31/2010,1.336315991,0,0,0,0,0,0,0,1.354868191,225.96,5.420357992,1.880357992,9.8625,2.288739686,121.5,4.799960999,131.6,4.879767019,131.4,4.878554878,,,,,139.84,4.940496619,0,0,1,0,161849967,18.90218033,225456523,19.2336379
2/28/2010,1.348332855,0,0,0,0,0,0,0,1.366984113,235.8,5.462983988,1.922983988,9.5375,2.255231397,119.8,4.786014002,133.2,4.891851758,132.8,4.888899568,,,,,136.55,4.91671093,0,0,1,0,159510429,18.88761986,223368415,19.22433305
3/31/2010,1.3512558,0,0,0,0,0,0,0,1.361500891,242,5.488937726,1.948937726,9.431818182,2.244088886,136.9,4.919217873,134,4.8978398,134.1,4.898869477,644695.01,13.37653264,611607.3366,13.32384575,141.52,4.952475006,0,0,1,0,154824415,18.85780223,232622769,19.26492868
4/30/2010,1.354803694,0,0,0,0,0,0,0,1.362074851,245.31,5.502522717,1.962522717,9.253125,2.224961332,145.8,4.982058379,136.9,4.919250732,135.4,4.908310049,,,,,149.31,5.006045563,0,0,1,0,156711098,18.86991453,239138654,19.29255408
5/31/2010,1.361920777,0,0,0,0,0,0,0,1.371047132,249.19,5.518215658,1.978215658,9.378289474,2.238397388,158.1,5.063294988,139.1,4.935193099,136.6,4.917109435,,,,,140.4,4.944513084,0,0,1,0,159227774,18.88584628,242591613,19.30688998
6/30/2010,1.367912153,0,0,0,0,0,0,0,1.388613099,251.9,5.529032183,1.989032183,10.14285714,2.316769728,149.9,5.009711881,140.5,4.945207489,137.7,4.925205849,673584.31,13.42036845,733730.774,13.50589745,137.72,4.925215551,0,0,1,0,166701325,18.9317143,251054897,19.34118219
7/31/2010,1.369729344,0,0,0,0,0,0,0,1.388019063,255.59,5.543574598,2.003574598,10.30654762,2.332779385,139.5,4.938105365,139.4,4.937347498,138.7,4.932584159,,,,,137.84,4.92611783,0,0,1,0,171344369,18.95918594,247840208,19.32829477
8/31/2010,1.370213371,0,0,0,0,0,0,0,1.388197311,258.3,5.5541217,2.0141217,10.46428571,2.347968098,137.2,4.921774795,140.1,4.942356453,139.7,4.939279382,,,,,141.64,4.953315287,0,0,1,0,171404989,18.95953967,251797164,19.34413442
9/30/2010,1.37440579,0,0,0,0,0,0,0,1.388394427,262.4,5.569870057,2.029870057,10.55113636,2.356233566,136.7,4.917762604,139.4,4.937347498,140.5,4.945380245,677359.47,13.42595739,668566.5095,13.41289116,144.43,4.97281993,0,0,1,0,175627281,18.98387459,259939840,19.37596078
10/31/2010,1.375845222,0,0,0,0,0,0,0,1.392328749,270.97,5.602008114,2.062008114,10.69736842,2.369997769,135.1,4.906302728,140.1,4.942356453,141.3,4.950987586,,,,,152.21,5.025244465,0,0,1,0,181162148,19.01490303,268548678,19.40854275
11/30/2010,1.378046152,0,0,0,0,0,0,0,1.396716057,276.11,5.620799337,2.080799337,10.8125,2.380702872,139.6,4.938772761,142.4,4.958639999,142.1,4.956198246,,,,,157.06,5.056657198,0,0,1,0,184156186,19.03129479,272526192,19.42324528
12/31/2010,1.38077918,0,0,0,0,0,0,0,1.403090021,280.81,5.637678284,2.097678284,11.11875,2.408632872,138.5,4.930708937,141.9,4.955122584,142.8,4.961117051,686455.92,13.43929729,668190.0977,13.41232799,166.16,5.112963453,0,0,1,0,223007230,19.22271475,317628210,19.57639211
1/31/2011,1.381521082,0,0,0,0,0,0,0,1.419487328,283.9,5.648622063,2.108622063,11.08928571,2.405979391,133.1,4.890927305,145.7,4.981549713,143.4,4.965841145,,,,,172.46,5.150158181,0,0,1,0,204951229,19.1382826,297817726,19.5119922
2/28/2011,1.391654967,0,0,0,0,0,0,0,1.422144014,286.96,5.659342833,2.119342833,11.071875,2.404408109,129.5,4.863757225,144,4.9698133,144.1,4.970393326,,,,,178.7,5.185733322,0,0,1,0,204658372,19.13685267,296821800,19.50864252
3/31/2011,1.395462729,0,0,0,0,0,0,0,1.422918081,294.59,5.685584559,2.145584559,11.16118421,2.412442063,147,4.990445098,144.8,4.97535348,144.7,4.974726429,702557.81,13.46248298,662325.586,13.40351254,184.78,5.219182986,0,0,1,0,209656299,19.16098008,302326609,19.52701848
4/30/2011,1.402349003,0,0,0,0,0,0,0,1.436649716,302.24,5.711221404,2.171221404,11.17763158,2.413914601,151,5.017517047,144.9,4.976043849,145.3,4.978715923,,,,,194.31,5.269434408,0,0,1,0,213534308,19.17930807,312058532,19.55870133
5/31/2011,1.407263441,0,0,0,0,0,0,0,1.458836482,307.5,5.728475087,2.188475087,11.22619048,2.418249484,166.2,5.113061562,147.3,4.992471323,145.8,4.982178919,,,,,186.87,5.230400537,0,0,1,0,218932961,19.20427613,315284946,19.56898738
6/30/2011,1.409708573,0,0,0,0,0,0,0,1.455120552,312.13,5.743419768,2.203419768,11.27678571,2.422746251,156.7,5.05429268,146.8,4.989071116,146.2,4.984919798,709655.98,13.4725356,766332.9546,13.54937202,184.91,5.219886989,0,0,1,0,224629549,19.22996315,327795328,19.60789997
7/31/2011,1.417700739,0,0,0,0,0,0,0,1.457673273,317.56,5.760666777,2.220666777,11.63095238,2.453669853,146.4,4.98619292,147.1,4.991112628,146.5,4.986758757,,,,,187.88,5.235820937,0,0,1,0,227200152,19.24134191,332866154,19.62325103
8/31/2011,1.427698005,0,0,0,0,0,0,0,1.47335782,325.28,5.78468635,2.24468635,12.36363636,2.514759613,146.4,4.986332392,147,4.990432587,146.6,4.987557037,,,,,183.21,5.210636547,0,0,1,0,232833872,19.26583576,333898321,19.62634708
9/30/2011,1.435733665,0,0,0,0,0,0,0,1.489886268,331.52,5.80368814,2.26368814,13.0625,2.56974553,147.2,4.991594543,148.3,4.999237249,146.5,4.987274857,715416.54,13.48062022,711417.3919,13.47501459,180.65,5.196582201,0,0,1,0,234229609,19.27181243,336224241,19.63328888
10/31/2011,1.440308949,0,0,0,0,0,0,0,1.490372805,335.17,5.814637866,2.274637866,17.64375,2.870381613,145.1,4.977078527,147.3,4.992471323,146.3,4.985973112,,,,,174.9,5.164205502,0,0,1,0,233755472,19.26978614,334744156,19.62887708
11/30/2011,1.44926916,0,0,0,0,0,0,0,1.550698417,339.83,5.828445493,2.288445493,19.94047619,2.992751645,146.4,4.98608058,147.3,4.992471323,146,4.98381997,,,,,176.81,5.175063839,0,0,1,0,241780821,19.30354218,335459931,19.63101308
12/31/2011,1.455795875,0,0,0,0,0,0,0,1.537602659,346.17,5.846929984,2.306929984,18.76644737,2.932070561,143.4,4.965370513,147.8,4.995860009,145.6,4.981066509,715496.05,13.48073136,703050.4564,13.46318394,173.39,5.155546231,0,0,1,0,288766603,19.48112932,392388205,19.78776223
1/31/2012,1.463475837,0,0,0,0,0,0,0,1.569954307,350.17,5.858418751,2.318418751,15.93452381,2.768488064,136.2,4.914080937,147.5,4.993828176,145.2,4.978053366,,,,,176.46,5.173073706,0,0,1,0,264925205,19.3949581,367716883,19.72282386
2/29/2012,1.469537071,0,0,0,0,0,0,0,1.556798683,355.32,5.873018792,2.333018792,14.20138889,2.653339769,132.4,4.885529457,144.6,4.97397131,144.8,4.97515953,,,,,181.92,5.203558614,0,0,1,0,265320453,19.39644891,369498297,19.72765669
3/31/2012,1.471742016,0,0,0,0,0,0,0,1.567194454,367.36,5.906342294,2.366342294,12.87784091,2.555508075,147.4,4.993428206,145.5,4.980176087,144.4,4.972738118,707763.35,13.46986507,672685.9936,13.41903392,185.63,5.223762146,0,0,1,0,264720358,19.39418457,370720152,19.73095803
4/30/2012,1.480935868,0,0,0,0,0,0,0,1.605961288,374.71,5.926152393,2.386152393,12.18014706,2.499807336,145.5,4.980315447,141.8,4.954417614,144.2,4.971079297,,,,,182.6,5.207280565,0,0,1,0,269824498,19.4132823,378584425,19.75194966
5/31/2012,1.492904096,0,0,0,0,0,0,0,1.702668008,381.86,5.945054049,2.405054049,11.69642857,2.459283545,157.4,5.058816916,140.5,4.945207489,144.1,4.970403005,,,,,171.94,5.147136971,0,0,1,0,285375481,19.46931635,389878981,19.78134694
6/30/2012,1.50385515,0,0,0,0,0,0,0,1.780445709,386.96,5.958321329,2.418321329,12.121875,2.495011672,149,5.004168441,140.9,4.948050419,144.1,4.970820147,683964.56,13.43566138,730838.2726,13.50194747,160.92,5.080909193,0,0,1,0,299591580,19.51793071,414480127,19.84253559
7/31/2012,1.515754979,0,0,0,0,0,0,0,1.832733833,396.57,5.98285257,2.44285257,13.19642857,2.57994623,146.9,4.989498815,144.9,4.976043849,144.4,4.972319202,,,,,166.49,5.1149127,0,0,1,0,313092063,19.56200784,423551554,19.8641858
8/31/2012,1.528227857,0,0,0,0,0,0,0,1.840729992,400.62,5.993013347,2.453013347,13.94602273,2.635194359,145.7,4.981503432,144.9,4.976043849,144.7,4.974782272,,,,,171.38,5.14386451,0,0,1,0,313747739,19.56409984,424093126,19.86546363
9/30/2012,1.54082091,0,0,0,0,0,0,0,1.841801982,406.92,6.008616606,2.468616606,14.27960526,2.658832314,142.5,4.959142236,146.2,4.984975547,145.2,4.977999055,705171.17,13.46619585,703461.6525,13.46376864,173.02,5.153421526,0,0,1,0,311564172,19.55711588,422017942,19.86055839
10/31/2012,1.5538291,0,0,0,0,0,0,0,1.835413813,413,6.023447593,2.483447593,14.92897727,2.703304108,147.2,4.99200484,147.1,4.991112628,145.7,4.981693816,,,,,171.24,5.143043857,0,0,1,0,320834414,19.5864357,435012354,19.89088499
11/30/2012,1.567990723,0,0,0,0,0,0,0,1.85065711,420.84,6.042252714,2.502252714,15.28125,2.726626587,146.4,4.986161109,147,4.990432587,146.3,4.98558534,,,,,169.08,5.13036937,0,0,1,0,333272060,19.62446971,450929648,19.92682189
12/31/2012,1.584929493,0,0,0,0,0,0,0,1.878419907,425.81,6.053993237,2.513993237,15.38815789,2.733598245,143.6,4.966927599,149.2,5.005287688,146.9,4.989415088,717044.88,13.48289371,706958.0391,13.46872659,169.96,5.135583765,0,0,1,0,397841567,19.80156441,530021604,20.08842833
1/31/2013,1.599195158,0,0,0,0,0,0,0,1.995671659,432.91,6.070529854,2.530529854,15.13988095,2.717332385,136.5,4.916449675,145.9,4.982921456,147.4,4.992961536,,,,,174.03,5.15921518,0,0,1,0,354926957,19.68742257,485255434,20.00018598
2/28/2013,1.61155332,0,0,0,0,0,0,0,2.045945587,443.76,6.095283876,2.555283876,14.76470588,2.692239595,132.8,4.88880901,148.6,5.001258132,147.8,4.996049598,,,,,175.5,5.167661594,0,0,1,0,356165975,19.6909074,483861671,19.99730962
3/31/2013,1.626243276,0,0,0,0,0,0,0,2.088120872,454.75,6.119747817,2.579747817,14.85197368,2.698132764,149.4,5.006653682,148.7,5.001930853,148.2,4.99854416,716921.13,13.48272111,677085.5292,13.42555288,171.2,5.142850174,0,0,1,0,357132097,19.69361629,489797448,20.00950249
4/30/2013,1.640161085,0,0,0,0,0,0,0,2.159407323,462.18,6.135954426,2.595954426,15.13125,2.716762142,155.9,5.049481552,148.7,5.001930853,148.5,5.000351711,,,,,167.82,5.122887508,0,0,1,0,359489057,19.7001943,491262296,20.01248875
5/31/2013,1.656321498,0,0,0,0,0,0,0,2.225335828,471.01,6.154879325,2.614879325,15.79829545,2.759902051,168,5.123806105,148.4,4.999911331,148.6,5.001427375,,,,,166.74,5.116456156,0,0,1,0,366100108,19.71841737,496800189.1,20.02369847
6/30/2013,1.67355968,0,0,0,0,0,0,0,2.105623559,482.06,6.178068588,2.638068588,16.57291667,2.807769837,156.3,5.051597211,149.1,5.004617222,148.7,5.001751625,721253.02,13.48874528,776486.6028,13.56253467,164.06,5.100231134,0,0,1,0,382142601,19.7613044,529999555,20.08838672
7/31/2013,1.693862613,0,0,0,0,0,0,0,2.119781602,492.97,6.20044832,2.66044832,17.28409091,2.849786478,150.7,5.0154968,148.2,4.998562713,148.6,5.001321978,,,,,165.99,5.111953852,0,0,1,0,396796875,19.79893506,539139373,20.10548467
8/31/2013,1.71944476,0,0,0,0,0,0,0,2.18194172,502.33,6.219257274,2.679257274,17.72321429,2.874875322,148.4,5.000055859,150.1,5.011301739,148.4,5.000169944,,,,,168.59,5.127440716,0,0,1,0,401245243,19.81008338,544145994,20.11472814
9/30/2013,1.74679531,0,0,1,0,0,0,0,2.228143732,511.88,6.238090223,2.698090223,18.11011905,2.896470846,147,4.99046554,150.1,5.011301739,148.2,4.998357696,725192.45,13.49419234,721458.9442,13.48903075,167.96,5.123739226,0,0,1,0,414693453,19.84305014,564596882,20.15162255
10/31/2013,1.765975352,0,0,0,0,0,0,0,2.275624911,529.01,6.271007335,2.731007335,18.80681818,2.934219473,148.7,5.00189023,148.9,5.00327494,147.8,4.995954441,,,,,165.4,5.108349335,0,0,1,0,414428834,19.84241183,560851091,20.14496599
11/30/2013,1.79412509,0,0,0,0,0,0,0,2.284191972,544.12,6.299169811,2.759169811,19.09539474,2.949447193,145.7,4.981521557,148,4.997212274,147.4,4.993042542,,,,,163.57,5.097214059,0,0,1,0,419765463,19.85520669,572556149,20.16562137
12/31/2013,1.843635927,0,0,0,0,0,0,0,2.263488583,561.83,6.331199313,2.791199313,20.24013158,3.007667345,142.6,4.959881357,147.3,4.992471323,146.9,4.989736275,718261.82,13.48458944,706597.345,13.46821626,167.18,5.119042838,0,0,1,0,496727726,20.0235526,662411087,20.3113969
1/31/2014,1.95977463,0,0,0,0,0,0,0,2.424078409,585.34,6.372192875,2.832192875,21.92897727,3.087808925,138,4.927034077,145.3,4.978800571,146.4,4.986182251,,,,,165.53,5.109131531,0,0,1,0,480841692,19.99104865,651501117,20.29478967
2/28/2014,2.061277571,0,0,0,1,0,0,0,2.464873996,627.32,6.441456777,2.901456777,25.621875,3.243446479,132.5,4.886479296,146.7,4.988389685,145.8,4.982536953,,,,,169.35,5.131969189,0,0,1,0,438507269,19.89888695,605360945,20.22133544
3/31/2014,2.070863186,0,0,0,0,0,0,0,2.383909031,652.39,6.480642543,2.940642543,26.23611111,3.267136748,144.5,4.973541259,145.5,4.980176087,145.3,4.978984342,707568.77,13.46959011,671066.0466,13.41662284,168.63,5.127705623,0,0,1,0,446702895,19.91740427,608342961,20.22624936
4/30/2014,2.079441542,0,0,0,0,0,0,0,2.348363206,665.85,6.50106442,2.96106442,26.28289474,3.268918337,152.3,5.026124288,145.1,4.97742316,144.9,4.975741905,,,,,170.11,5.136419027,0,0,1,0,433974950,19.88849737,598134637,20.20932643
5/31/2014,2.08473998,0,0,0,0,0,0,0,2.409419522,682.84,6.526260572,2.986260572,24.684375,3.206170452,164.2,5.101104953,145.4,4.979488565,144.5,4.973019991,,,,,168.07,5.124385198,0,0,1,0,454664023,19.93506929,627588827,20.25739578
6/30/2014,2.094884188,0,0,0,0,0,0,0,2.466403178,695.13,6.544098878,3.004098878,23.08125,3.1390206,153.8,5.03567597,144.6,4.97397131,144.2,4.971008685,703292.45,13.46352809,760576.8683,13.54183246,168.35,5.126052929,0,0,1,0,484033939,19.99766558,683516176,20.34276088
7/31/2014,2.099244169,0,0,0,0,0,0,0,2.502627492,708.81,6.563587508,3.023587508,22.01420455,3.091687906,145.4,4.979645456,144.1,4.970507503,144,4.969876183,,,,,164.8,5.10471831,0,0,1,0,488898742,20.00766595,681903587,20.34039884
8/31/2014,2.118121243,0,0,0,0,0,0,0,2.58554551,726.63,6.588417407,3.048417407,21.19375,3.053706327,140.1,4.942394311,143.4,4.965637928,144,4.969746974,,,,,159.25,5.0704987,0,0,1,0,501205800,20.03252735,693864848,20.35778776
9/30/2014,2.130393869,0,0,0,0,0,0,0,2.691027343,749.11,6.618885835,3.078885835,20.30397727,3.010816791,141.7,4.953844341,143.5,4.966335035,144.1,4.970681925,697239.82,13.4548847,690879.7983,13.44572113,154.17,5.038042385,0,0,1,0,511352419,20.05256958,709707201,20.38036305
10/31/2014,2.13776405,0,0,0,0,0,0,0,2.689978802,758.51,6.631355983,3.091355983,20.00852273,2.996158319,143.3,4.965284989,143.7,4.967727793,144.4,4.972674985,,,,,145.77,4.981998361,0,0,1,0,528648112,20.08583357,730224477,20.40886255
11/30/2014,2.141698817,0,0,0,0,0,0,0,2.590214533,769.64,6.645922873,3.105922873,19.80208333,2.985787151,140.9,4.947891406,144.8,4.97535348,144.8,4.975620389,,,,,139.12,4.935328708,0,0,1,0,568028488,20.15768213,769254687,20.46093267
12/31/2014,2.145685023,0,0,0,0,0,0,0,2.5677659,780.99,6.660562346,3.120562346,20.00986842,2.996225573,140.4,4.944751426,144.9,4.976043849,145.4,4.979341266,701123.14,13.46043882,686701.4706,13.43965494,125.93,4.835704253,0,0,1,0,640869923,20.27833707,859920572,20.57235058
1/31/2015,2.15203902,0,0,0,0,0,0,0,2.612517774,792.74,6.675495299,3.135495299,20.23214286,3.00727257,134,4.897826285,144.2,4.971201225,146,4.983594676,,,,,113.97,4.735977007,0,0,1,0,571239792,20.16331963,792235389,20.49036911
2/28/2015,2.161661365,0,0,0,0,0,0,0,2.572315324,808.61,6.695316724,3.155316724,20.66319444,3.028354071,132.6,4.887547365,148,4.997212274,146.7,4.988072707,,,,,117.2,4.763872337,0,0,1,0,566743657,20.15541766,793761474,20.49229356
3/31/2015,2.172362506,0,0,0,0,0,0,0,2.54854633,825.24,6.715674253,3.175674253,20.903125,3.039898669,149.4,5.006687599,147.7,4.99518319,147.3,4.992451915,711412.58,13.47500783,672749.8114,13.41912879,113.25,4.729582281,0,0,1,0,589215338,20.19430227,818418551,20.52288444
4/30/2015,2.18216734,0,0,0,0,0,0,0,2.531750477,840.29,6.73374707,3.19374707,20.815625,3.035703907,157.5,5.059327673,149.7,5.008633291,147.9,4.996427056,,,,,114.58,4.741276533,0,0,1,0,587113554,20.19072881,824229814,20.52995995
5/31/2015,2.191477098,0,0,0,0,0,0,0,2.531982731,856.74,6.753134489,3.213134489,20.25986842,3.008642004,168.9,5.129224527,149.8,5.009301071,148.4,4.999713695,,,,,118.12,4.771695702,0,0,1,0,609680958,20.22844636,852490407,20.56367251
6/30/2015,2.201910551,0,0,0,0,0,0,0,2.555781588,866.25,6.764173551,3.224173551,20.47727273,3.019315624,162.9,5.093366017,150.8,5.015954456,148.7,5.002085665,727819.79,13.49780876,791235.9655,13.58135152,115.74,4.751369135,0,0,1,0,641544749,20.2793895,916686267,20.63627584
7/31/2015,2.212909012,0,0,0,0,0,0,0,2.6496825,886.21,6.786953943,3.246953943,20.74431818,3.032272387,151.8,5.022858923,150.5,5.013963084,148.9,5.003392831,,,,,109.33,4.694348323,0,0,1,0,661785556,20.31045213,932453521,20.65332986
8/31/2015,2.223920602,0,0,0,0,0,0,0,2.71875932,903.18,6.805921869,3.265921869,20.978125,3.043480228,146.5,4.986786951,150.3,5.012633297,148.9,5.003580959,,,,,102.35,4.628443839,0,0,1,0,670814002,20.32400246,942087259,20.66360846
9/30/2015,2.236979336,0,0,0,0,0,0,0,2.752357025,925.23,6.830042355,3.290042355,21.18465909,3.053277292,145.9,4.982800295,149,5.003946306,148.8,5.002662633,727487.23,13.49735173,718281.2654,13.48461651,101.88,4.62381358,0,0,1,0,685517867,20.34568512,953303234,20.6754436
10/31/2015,2.250238613,1,0,0,0,0,0,0,2.759663286,938.03,6.843781931,3.303781931,21.60119048,3.072748428,147,4.990744621,149.2,5.005287688,148.5,5.000734938,,,,,102.04,4.625372001,0,0,1,0,701778831,20.36912886,983418653,20.70654548
11/30/2015,2.264555249,0,0,0,0,0,0,0,2.713282105,964.96,6.87208665,3.33208665,23.42763158,3.153916162,146.2,4.984808511,148.4,4.999911331,148.1,4.997973514,,,,,96.01,4.564445302,0,0,1,0,765370263,20.45587028,1047339173,20.76951866
12/31/2015,2.436197732,0,0,0,0,0,0,0,2.665281869,1027.54,6.934922875,3.394922875,27.34375,3.308487984,141.9,4.95541936,147.1,4.991112628,147.6,4.994592262,719228.98,13.48593505,703681.5442,13.46408118,90.57,4.506154826,0,0,1,0,804666231,20.50593813,1133787379,20.84882953
1/31/2016,2.614142371,0,0,0,0,0,0,0,2.651515122,1070.62,6.975993199,3.435993199,26.3125,3.270044111,134.7,4.903394867,147.8,4.995860009,147.1,4.990832115,,,,,85.27,4.445860043,1,1,0,0,772893467,20.46565178,1107137065,20.8250433
2/29/2016,2.695586891,0,0,0,0,0,0,0,2.695942105,1099.66,7.00275632,3.46275632,26.22368421,3.26666298,134.2,4.899572336,146.9,4.989752083,146.5,4.986950117,,,,,87.02,4.466081539,1,1,0,0,751931178,20.43815536,1089020023,20.80854407
3/31/2016,2.705539114,0,0,0,0,1,0,0,2.73145666,1132.39,7.032085722,3.492085722,29.73511905,3.392328807,150.1,5.011221084,146.1,4.984291319,145.9,4.983226534,712816.33,13.47697907,677652.0891,13.42638929,93.6,4.538994664,1,1,0,0,730678497,20.40948411,1072299198,20.79307096
4/30/2016,2.667889364,0,0,0,0,0,0,0,2.687523503,1170.83,7.065468178,3.525468178,30.69642857,3.424146315,153.3,5.032074975,144.8,4.97535348,145.5,4.979912322,,,,,96.93,4.573967847,1,1,0,0,710548655,20.38154798,1055300507,20.7770914
5/31/2016,2.648771895,0,0,0,0,0,0,0,2.669655813,1219.86,7.106491377,3.566491377,30.96428571,3.432834466,163.5,5.096896217,144.5,4.973279508,145.1,4.97720748,,,,,100.83,4.613458624,1,1,0,0,735639633,20.41625093,1085692703,20.80548406
6/30/2016,2.649078379,0,0,0,0,0,0,0,2.664342101,1237.74,7.121042415,3.581042415,28.946875,3.365462253,153.7,5.034756005,144.3,4.971894466,144.8,4.975268768,701217.91,13.46057397,760703.2802,13.54199865,103.52,4.639717089,1,1,0,0,753913656,20.4407884,1172426480,20.88234135
7/31/2016,2.702032129,0,0,0,0,0,0,0,2.710846288,1265.75,7.143420111,3.603420111,26.01875,3.258817432,143.7,4.9679442,144.5,4.973279508,144.6,4.974180771,,,,,102.79,4.632731539,1,1,0,0,754947128,20.44215828,1182033151,20.8905018
8/31/2016,2.697969255,0,0,0,0,0,0,0,2.721474837,1273.8,7.149759838,3.609759838,24.84375,3.212606212,143.7,4.967547559,145.7,4.981549713,144.6,4.97398893,,,,,103.16,4.636244753,1,1,0,0,781683398,20.47696035,1195333958,20.90169145
9/30/2016,2.714815146,0,0,0,0,0,0,0,2.730315628,1295.28,7.166482167,3.626482167,23.05397727,3.137838304,142,4.955881545,145,4.976733742,144.7,4.974711082,703848.75,13.46431877,694382.4758,13.45077821,103.18,4.636469606,1,1,0,0,777677703,20.47182273,1211728942,20.91531405
10/31/2016,2.720044646,0,0,0,0,0,0,0,2.733522997,1321.6,7.186598403,3.646598403,22.090625,3.09515331,141.1,4.949730081,145,4.976733742,144.9,4.976310262,,,,,106.72,4.670212362,1,1,0,0,803317872,20.50426105,1388536436,21.05151611
11/30/2016,2.730463796,0,0,0,0,0,0,0,2.741300747,1339.02,7.199693282,3.659693282,21.09821429,3.049188406,144.9,4.976308277,145.7,4.981549713,145.3,4.978691264,,,,,105.53,4.658953949,1,1,0,0,854978645,20.56658705,1442210299,21.0894427
12/31/2016,2.761843701,0,0,0,0,0,0,0,2.794931014,1350.48,7.208215364,3.668215364,20.028125,2.997137536,142.6,4.959974397,147.1,4.991112628,145.7,4.981756974,708028.4,13.47023949,693173.5493,13.44903568,111.46,4.713697969,1,1,0,0,1033907652,20.7566113,1662509156,21.23159384
1/31/2017,2.766719258,0,0,0,0,0,0,0,2.812601298,1366.86,7.220271417,3.680271417,19.76704545,2.98401618,136.6,4.917296007,147.2,4.991792206,146.3,4.985383492,,,,,115.7,4.751042723,1,1,0,0,978752865,20.70178973,1695975163,21.25152373
2/28/2017,2.747235301,0,0,0,0,0,0,0,2.786724452,1390.12,7.237145353,3.697145353,20.0625,2.998852401,132.2,4.884002083,146.8,4.989071116,146.9,4.989430385,,,,,116.33,4.756443537,1,1,0,0,921005975,20.64097708,1656097239,21.22772961
3/31/2017,2.742451628,0,0,0,0,0,0,0,2.763943505,1433.32,7.267748711,3.727748711,19.5,2.970414466,152.6,5.027957453,147.7,4.99518319,147.5,4.993760158,714227.72,13.47895713,681444.7661,13.43197048,110.84,4.708107828,1,1,0,0,938873211,20.660191,1703723593,21.25608204
4/30/2017,2.731730558,0,0,0,0,0,0,0,2.755039804,1467.76,7.291492708,3.751492708,19.24652778,2.957330669,151.9,5.023527464,147.7,4.99518319,148.1,4.998215796,,,,,111.11,4.710545821,1,1,0,0,947163832,20.66898264,1627857655,21.21053067
5/31/2017,2.753569716,0,0,0,0,0,0,0,2.766453871,1492.43,7.308160943,3.768160943,19.63392857,2.977259119,168.4,5.126278023,148.5,5.000584958,148.8,5.00261012,,,,,108.93,4.690684139,1,1,0,0,951432772,20.67347959,1620754611,21.20615769
6/30/2017,2.779883479,0,0,0,0,0,0,0,2.791982769,1507.73,7.318360487,3.778360487,19.80952381,2.986162823,161,5.081625989,150.2,5.011967739,149.4,5.006733044,721980.31,13.48975314,778401.6764,13.56499796,105.68,4.660370606,1,1,0,0,999360105,20.72262574,1722096246,21.26680813
7/31/2017,2.84308047,0,0,0,0,0,0,0,2.860239776,1530.15,7.333121049,3.793121049,20.16071429,3.003735874,150.3,5.01267355,150.4,5.013298412,150,5.010357083,,,,,108.23,4.684244084,1,1,0,0,1016722773,20.73985032,1793991882,21.30770908
8/31/2017,2.857384104,0,0,0,0,0,0,0,2.894630354,1552.09,7.347357689,3.807357689,20.80681818,3.03528073,149.3,5.005658549,150.5,5.013963084,150.4,5.013247387,,,,,111.04,4.709928688,1,1,0,0,1038542103,20.76108374,1841197360,21.33368194
9/30/2017,2.847674108,0,0,0,0,0,0,0,2.876251369,1580.79,7.365680001,3.825680001,21.32738095,3.059991738,146.4,4.986250792,151.2,5.018603464,150.7,5.015173237,731120.05,13.50233296,721120.4269,13.48856143,114.09,4.73701798,1,1,0,0,1051650824,20.77362698,1838934911,21.33245239
10/31/2017,2.859503368,0,0,0,0,0,0,0,2.877766185,1606.59,7.381869199,3.841869199,21.64583333,3.07481298,149.4,5.006533223,151.7,5.021904886,150.8,5.015953965,,,,,115.56,4.749813249,1,1,0,0,1062769092,20.78414369,1831249088,21.32826413
11/30/2017,2.861743634,0,0,0,0,0,0,0,2.882199567,1630.3,7.396519326,3.856519326,22.59375,3.117673319,151.9,5.023393842,152.5,5.027164596,150.7,5.015437772,,,,,120.5,4.791651985,1,1,0,0,1083398634,20.80336882,1890725419,21.36022641
12/31/2017,2.873594375,0,0,0,0,0,0,0,2.8956502,1678.94,7.425917921,3.885917921,23.27302632,3.147295021,146.8,4.988957928,152.3,5.02585226,150.4,5.01354829,738231.71,13.51201303,724592.9216,13.49336529,121.99,4.803957762,1,1,0,0,1243333674,20.94106206,2151280144,21.48932892
1/31/2018,2.945992795,0,0,0,0,0,1,0,2.968594629,1703.2,7.440264114,3.900264114,22.96590909,3.134010903,142.7,4.961031187,151.1,5.017941869,150,5.010320001,,,,,128.46,4.855630571,1,1,0,0,1182166566,20.89061466,2148215894,21.48790352
2/28/2018,2.987784104,0,0,0,0,0,0,0,2.991529008,1745.32,7.464693199,3.924693199,22.78125,3.125937829,138.8,4.933164013,152.2,5.025195445,149.3,5.00589016,,,,,126.35,4.839048325,1,1,0,0,1165235571,20.87618911,2065181338,21.44848387
3/31/2018,3.007512612,0,0,0,0,0,0,0,3.022568928,1794.98,7.492749159,3.952749159,22.8125,3.127308631,155.9,5.04894097,151.5,5.020585625,148.5,5.00049378,735527.66,13.50834343,707324.2681,13.46924449,126.12,4.837206896,1,1,0,0,1188402410,20.89587573,2108449846,21.46921884
4/30/2018,3.007426783,0,0,0,0,0,0,0,3.019037532,1839.78,7.517401278,3.977401278,22.81578947,3.127452817,151.5,5.020747618,146.7,4.988389685,147.6,4.994416093,,,,,128.08,4.852683636,1,1,0,0,1177996024,20.88708055,2106169781,21.46813687
5/31/2018,3.164208424,0,0,0,0,0,0,0,3.18819077,1886.48,7.542467938,4.002467938,28.28571429,3.342356882,159.6,5.072461969,144.5,4.973279508,146.6,4.988002014,,,,,132.84,4.889115336,1,1,0,0,1269564595,20.96193984,2269704629,21.54291554
6/30/2018,3.278426929,0,0,0,0,0,0,0,3.294817828,1963.53,7.582499153,4.042499153,30.565625,3.419876011,151.1,5.018112359,143.2,4.964242255,145.7,4.98162316,702460.92,13.46234504,747428.3,13.52439366,131.65,4.880117443,0,1,0,0,1339710929,21.0157197,2532953769,21.65265196
7/31/2018,3.318729779,0,0,0,0,0,0,0,3.340992315,2034.03,7.617774326,4.077774326,34.52083333,3.541563006,146,4.983356758,143.7,4.967727793,144.8,4.975629922,,,,,129.84,4.866310222,0,1,0,0,1216754212,20.91945267,2349060424,21.57728127
8/31/2018,3.405355392,0,0,0,0,0,0,0,3.416160629,2102.36,7.650815802,4.110815802,35.16761364,3.560125592,146.8,4.988839209,146.6,4.987707789,144.1,4.970361402,,,,,127.5,4.848122957,0,1,0,0,1378120908,21.04398675,2753135551,21.7360063
9/30/2018,3.653006132,0,0,0,0,0,0,0,3.646884897,2264.68,7.725188748,4.185188748,41.85625,3.734241129,137.7,4.925415545,143.2,4.964242255,143.5,4.966068663,700764.4,13.45992702,696101.5835,13.45325088,131.72,4.880680817,0,1,0,0,1278433713,20.9689015,2723314659,21.7251156
10/31/2018,3.614168153,0,0,0,0,0,0,0,3.606300389,2382.64,7.775964396,4.235964396,50.49147727,3.921804555,142.8,4.961748057,143.6,4.967031657,143,4.962884864,,,,,132.82,4.888976316,0,1,0,0,1215038867,20.9180419,2517914035,21.64669663
11/30/2018,3.596230205,0,0,0,0,0,0,0,3.570362597,2466.45,7.810535149,4.270535149,51.36513158,3.938959568,140.6,4.945864976,141.7,4.953712147,142.7,4.960841102,,,,,121.45,4.799541741,1,0,0,0,1261828272,20.95582752,2641511713,21.69461721
12/31/2018,3.63456992,0,0,0,0,0,0,0,3.616980579,2517.89,7.831176528,4.291176528,48.63541667,3.884352004,136.3,4.914503294,141.9,4.955122584,142.6,4.959865651,690756.79,13.44554307,678655.6204,13.42786909,115.9,4.752729148,1,0,0,0,1514752312,21.13851777,3023177908,21.8295744
1/31/2019,3.621877295,0,0,0,0,0,0,0,3.638930949,2609.62,7.866959896,4.326959896,45.8125,3.82455698,134.5,4.901833604,141.7,4.953712147,142.6,4.959776452,,,,,117.02,4.762335808,1,0,0,0,1271715976,20.96363299,2698304021,21.71588927
2/28/2019,3.648317842,0,0,0,0,0,0,0,3.631713687,2708.13,7.904013639,4.364013639,37.584375,3.626588406,132.3,4.884829325,143.7,4.967727793,142.6,4.960317288,,,,,118.74,4.776971924,1,0,0,0,1287705765,20.976128,2750723026,21.73512963
3/31/2019,3.722390579,0,0,0,0,0,0,0,3.713122672,2835.66,7.950029993,4.410029993,41.67434211,3.729885642,145,4.976480296,141.8,4.954417614,142.8,4.961190877,691027.68,13.44593516,665848.7153,13.40881777,119.36,4.782180226,1,0,0,0,1310111128,20.9933778,3001087777,21.82224065
4/30/2019,3.766595571,0,0,0,0,0,0,0,3.778425445,2933.41,7.983920848,4.443920848,48.70723684,3.885827619,149.9,5.010076614,142.6,4.960043508,142.9,4.962074512,,,,,122.78,4.810393981,1,0,0,0,1329227530,21.00786381,3061609658,21.84220665
5/31/2019,3.80519677,0,0,0,0,0,0,0,3.815712325,3035.33,8.018075429,4.478075429,52.58806818,3.962489253,164.1,5.100693519,144.6,4.97397131,143,4.962676493,,,,,119.64,4.784485682,1,0,0,0,1333795569,21.01129453,3125562432,21.86288008
6/30/2019,3.779405481,0,0,0,0,0,0,1,3.79128561,3104.39,8.040572518,4.500572518,50.89583333,3.92978106,150.9,5.016345438,144,4.9698133,143,4.962748135,697071.59,13.4546434,751784.4608,13.53020494,114.87,4.743775074,1,0,0,0,1362244129,21.03239927,3112908290,21.85882327
7/31/2019,3.750567936,0,0,0,0,0,0,0,3.766611803,3151.61,8.055668712,4.515668712,48.625,3.884137802,146.8,4.98891463,145.9,4.982921456,142.9,4.962073842,,,,,117.38,4.765374842,1,0,0,0,1439898164,21.08783823,3220059632,21.89266572
8/31/2019,3.965139399,0,0,0,0,0,0,0,3.978078233,3302.07,8.102304824,4.562304824,55.44345238,4.015363625,141.3,4.95072204,144.9,4.976043849,142.7,4.960512922,,,,,112.04,4.718855981,1,0,0,0,1556578497,21.16575598,3436626383,21.95775612
9/30/2019,4.03427435,0,0,0,0,0,0,0,4.081263343,3506.25,8.162302369,4.622302369,59.95238095,4.093550596,134.9,4.904363745,140.7,4.946629964,142.3,4.958007904,697614.76,13.4554223,683900.8986,13.4355683,114.07,4.736844515,1,0,0,0,1565019133,21.17116389,3183059267,21.8811086
10/31/2019,4.069547209,0,0,0,0,0,0,0,4.161011499,3610.36,8.191562769,4.651562769,55.12215909,4.009551797,141.6,4.953283944,143.9,4.969118614,141.8,4.954584748,,,,,112.65,4.724305179,1,0,0,0,1578484882,21.17973129,3110674764,21.85810551
11/30/2019,4.089975382,0,0,0,0,0,0,0,4.178226046,3784.74,8.238732471,4.698732471,45.98684211,3.828355314,137.8,4.925598909,140.9,4.948050419,141.2,4.95035427,,,,,116.43,4.7572679,1,0,0,0,1695946438,21.25150679,3220646053,21.89284781
